Name,Position,Value,Image
"Stephen Crouch",lb,100,"https://usatthebiglead.files.wordpress.com/2017/02/joe-flacco.jpg"
"Daniel Crouch",dl,101,"https://usatthebiglead.files.wordpress.com/2017/02/joe-flacco.jpg"
"Michael Crouch",dst,102,"https://usatthebiglead.files.wordpress.com/2017/02/joe-flacco.jpg"
"Tina Crouch",k,103,"https://usatthebiglead.files.wordpress.com/2017/02/joe-flacco.jpg"
"Jimmy Crouch",te,104,"https://usatthebiglead.files.wordpress.com/2017/02/joe-flacco.jpg"
"Lauren Crouch",rb,105,"https://usatthebiglead.files.wordpress.com/2017/02/joe-flacco.jpg"
"Crystal Crouch",rb,106,"https://usatthebiglead.files.wordpress.com/2017/02/joe-flacco.jpg"
"Sarah Crouch",wr,107,"https://usatthebiglead.files.wordpress.com/2017/02/joe-flacco.jpg"
"James Crouch",wr,108,"https://usatthebiglead.files.wordpress.com/2017/02/joe-flacco.jpg"
"Elizabeth Crouch",qb,109,"https://usatthebiglead.files.wordpress.com/2017/02/joe-flacco.jpg"
"Lily Crouch",qb,110,"https://usatthebiglead.files.wordpress.com/2017/02/joe-flacco.jpg"